{"cameraMode":{"drawMode":0,"name":"Shaded","section":"Shading Mode"},"sceneLighting":true,"audioPlay":false,"sceneViewState":{"m_AlwaysRefresh":false,"showFog":true,"showSkybox":true,"showFlares":true,"showImageEffects":true,"showParticleSystems":true,"showVisualEffectGraphs":true,"m_FxEnabled":false},"in2DMode":false,"pivot":{"x":-18.937049865722658,"y":30.391115188598634,"z":-51.23841857910156},"rotation":{"x":-0.31590694189071658,"y":0.06904734671115875,"z":-0.023261481896042825,"w":-0.9463179111480713},"size":1.9082247018814088,"orthographic":false}